{
  "data_dir": "None",
  "output_dir": "C:\\Hpe\\Train\\outputs_product_lstm\\all_switches",
  "model_type": "bilstm",
  "rows_scanned": 337153,
  "rows_kept": 153142,
  "split_sizes": {
    "train": 122514,
    "val": 15314,
    "test": 15314
  },
  "filter_reasons": {
    "intent not selected": 901,
    "duplicate": 171310,
    "empty target_value": 11800
  },
  "best_epoch": 2,
  "best_val_macro_f1": 0.910681999567859,
  "best_val_accuracy": 0.9957555178268251,
  "validation_metrics": {
    "accuracy": 0.9957555178268251,
    "macro_precision": 0.9197162691463985,
    "macro_recall": 0.9295598231464481,
    "macro_f1": 0.910681999567859,
    "per_class": {
      "cli_meaning": {
        "precision": 0.9978390059427337,
        "recall": 1.0,
        "f1": 0.9989183342347214,
        "support": 3694
      },
      "cli_syntax": {
        "precision": 1.0,
        "recall": 0.9997847610848042,
        "f1": 0.999892368959208,
        "support": 4646
      },
      "cli_output": {
        "precision": 1.0,
        "recall": 0.3333333333333333,
        "f1": 0.5,
        "support": 12
      },
      "show_command_syntax": {
        "precision": 0.9994432071269488,
        "recall": 1.0,
        "f1": 0.9997215260373156,
        "support": 1795
      },
      "show_command_meaning": {
        "precision": 1.0,
        "recall": 1.0,
        "f1": 1.0,
        "support": 1400
      },
      "configuration_procedure": {
        "precision": 0.9939024390243902,
        "recall": 0.9588235294117647,
        "f1": 0.9760479041916168,
        "support": 510
      },
      "concept_explanation": {
        "precision": 0.9956076134699854,
        "recall": 0.9819494584837545,
        "f1": 0.9887313704107598,
        "support": 1385
      },
      "event_id_meaning": {
        "precision": 0.3888888888888889,
        "recall": 0.5833333333333334,
        "f1": 0.4666666666666666,
        "support": 12
      },
      "event_id_action": {
        "precision": 0.5454545454545454,
        "recall": 1.0,
        "f1": 0.7058823529411764,
        "support": 12
      },
      "event_log_meaning": {
        "precision": 1.0,
        "recall": 1.0,
        "f1": 1.0,
        "support": 997
      },
      "snmp_mib_info": {
        "precision": 0.9578313253012049,
        "recall": 0.9968652037617555,
        "f1": 0.9769585253456221,
        "support": 319
      },
      "troubleshooting": {
        "precision": 1.0,
        "recall": 1.0,
        "f1": 1.0,
        "support": 63
      },
      "support_matrix": {
        "precision": 1.0,
        "recall": 1.0,
        "f1": 1.0,
        "support": 25
      },
      "version_support": {
        "precision": 1.0,
        "recall": 1.0,
        "f1": 1.0,
        "support": 44
      },
      "capacity_or_scale": {
        "precision": 1.0,
        "recall": 1.0,
        "f1": 1.0,
        "support": 12
      },
      "product_generic": {
        "precision": 1.0,
        "recall": 1.0,
        "f1": 1.0,
        "support": 234
      },
      "product_limitation": {
        "precision": 0.9850746268656716,
        "recall": 1.0,
        "f1": 0.9924812030075187,
        "support": 66
      },
      "product_requirement": {
        "precision": 1.0,
        "recall": 1.0,
        "f1": 1.0,
        "support": 48
      },
      "product_caveat": {
        "precision": 1.0,
        "recall": 1.0,
        "f1": 1.0,
        "support": 16
      },
      "limitation": {
        "precision": 1.0,
        "recall": 0.9166666666666666,
        "f1": 0.9565217391304348,
        "support": 12
      },
      "requirement": {
        "precision": 0.45,
        "recall": 0.75,
        "f1": 0.5625000000000001,
        "support": 12
      }
    },
    "total": 15314
  },
  "train_metrics": {
    "accuracy": 0.9961881907373851,
    "macro_precision": 0.9153606220569851,
    "macro_recall": 0.9419452440282067,
    "macro_f1": 0.9160507979017842,
    "per_class": {
      "cli_meaning": {
        "precision": 0.9976702569470237,
        "recall": 0.9996955036032074,
        "f1": 0.9986818535167472,
        "support": 29557
      },
      "cli_syntax": {
        "precision": 1.0,
        "recall": 0.9997847726661286,
        "f1": 0.9998923747511166,
        "support": 37170
      },
      "cli_output": {
        "precision": 0.75,
        "recall": 0.27835051546391754,
        "f1": 0.406015037593985,
        "support": 97
      },
      "show_command_syntax": {
        "precision": 0.9993734772015315,
        "recall": 1.0,
        "f1": 0.9996866404373107,
        "support": 14356
      },
      "show_command_meaning": {
        "precision": 1.0,
        "recall": 1.0,
        "f1": 1.0,
        "support": 11198
      },
      "configuration_procedure": {
        "precision": 0.9979518689196109,
        "recall": 0.9549240568348849,
        "f1": 0.9759639459188783,
        "support": 4082
      },
      "concept_explanation": {
        "precision": 0.9968997902799307,
        "recall": 0.9864657583686728,
        "f1": 0.991655328798186,
        "support": 11083
      },
      "event_id_meaning": {
        "precision": 0.5196850393700787,
        "recall": 0.6875,
        "f1": 0.5919282511210762,
        "support": 96
      },
      "event_id_action": {
        "precision": 0.5026178010471204,
        "recall": 1.0,
        "f1": 0.6689895470383275,
        "support": 96
      },
      "event_log_meaning": {
        "precision": 1.0,
        "recall": 0.9998745924253825,
        "f1": 0.9999372922806797,
        "support": 7974
      },
      "snmp_mib_info": {
        "precision": 0.965921999242711,
        "recall": 0.9988253719655442,
        "f1": 0.9820981713185756,
        "support": 2554
      },
      "troubleshooting": {
        "precision": 1.0,
        "recall": 1.0,
        "f1": 1.0,
        "support": 500
      },
      "support_matrix": {
        "precision": 1.0,
        "recall": 1.0,
        "f1": 1.0,
        "support": 197
      },
      "version_support": {
        "precision": 1.0,
        "recall": 1.0,
        "f1": 1.0,
        "support": 355
      },
      "capacity_or_scale": {
        "precision": 1.0,
        "recall": 1.0,
        "f1": 1.0,
        "support": 100
      },
      "product_generic": {
        "precision": 1.0,
        "recall": 1.0,
        "f1": 1.0,
        "support": 1873
      },
      "product_limitation": {
        "precision": 0.9924528301886792,
        "recall": 1.0,
        "f1": 0.9962121212121212,
        "support": 526
      },
      "product_requirement": {
        "precision": 1.0,
        "recall": 1.0,
        "f1": 1.0,
        "support": 383
      },
      "product_caveat": {
        "precision": 1.0,
        "recall": 1.0,
        "f1": 1.0,
        "support": 124
      },
      "limitation": {
        "precision": 1.0,
        "recall": 0.9587628865979382,
        "f1": 0.9789473684210526,
        "support": 97
      },
      "requirement": {
        "precision": 0.5,
        "recall": 0.9166666666666666,
        "f1": 0.6470588235294118,
        "support": 96
      }
    },
    "total": 122514
  },
  "test_metrics": {
    "accuracy": 0.9952331200208959,
    "macro_precision": 0.8865868923529429,
    "macro_recall": 0.9370672779493143,
    "macro_f1": 0.9018917211000284,
    "per_class": {
      "cli_meaning": {
        "precision": 0.9970278303161307,
        "recall": 0.9989171629669734,
        "f1": 0.9979716024340771,
        "support": 3694
      },
      "cli_syntax": {
        "precision": 1.0,
        "recall": 0.9987085665088248,
        "f1": 0.9993538660348912,
        "support": 4646
      },
      "cli_output": {
        "precision": 0.2,
        "recall": 0.08333333333333333,
        "f1": 0.11764705882352941,
        "support": 12
      },
      "show_command_syntax": {
        "precision": 0.9966685174902832,
        "recall": 1.0,
        "f1": 0.9983314794215795,
        "support": 1795
      },