{
  "data_dir": "None",
  "output_dir": "C:\\Hpe\\Train\\outputs_product_lstm\\all_switches",
  "model_type": "bilstm",
  "rows_scanned": 337139,
  "rows_kept": 153129,
  "split_sizes": {
    "train": 122505,
    "val": 15312,
    "test": 15312
  },
  "filter_reasons": {
    "duplicate": 171310,
    "empty target_value": 11800,
    "intent not selected": 900
  },
  "best_epoch": 8,
  "best_val_macro_f1": 0.9334006623372876,
  "best_val_accuracy": 0.9962774294670846,
  "validation_metrics": {
    "accuracy": 0.9962774294670846,
    "macro_precision": 0.9177552208626942,
    "macro_recall": 0.9642085236870215,
    "macro_f1": 0.9334006623372876,
    "per_class": {
      "cli_meaning": {
        "precision": 0.9991876523151909,
        "recall": 0.9989171629669734,
        "f1": 0.9990523893326113,
        "support": 3694
      },
      "cli_syntax": {
        "precision": 1.0,
        "recall": 1.0,
        "f1": 1.0,
        "support": 4646
      },
      "cli_output": {
        "precision": 0.8181818181818182,
        "recall": 0.75,
        "f1": 0.7826086956521738,
        "support": 12
      },
      "show_command_syntax": {
        "precision": 1.0,
        "recall": 1.0,
        "f1": 1.0,
        "support": 1794
      },
      "show_command_meaning": {
        "precision": 0.9985734664764622,
        "recall": 1.0,
        "f1": 0.9992862241256245,
        "support": 1400
      },
      "configuration_procedure": {
        "precision": 0.9959183673469387,
        "recall": 0.9568627450980393,
        "f1": 0.9759999999999999,
        "support": 510
      },
      "concept_explanation": {
        "precision": 0.9906137184115523,
        "recall": 0.9906137184115523,
        "f1": 0.9906137184115523,
        "support": 1385
      },
      "event_id_meaning": {
        "precision": 0.47368421052631576,
        "recall": 0.75,
        "f1": 0.5806451612903226,
        "support": 12
      },
      "event_id_action": {
        "precision": 0.5263157894736842,
        "recall": 0.8333333333333334,
        "f1": 0.6451612903225806,
        "support": 12
      },
      "event_log_meaning": {
        "precision": 1.0,
        "recall": 1.0,
        "f1": 1.0,
        "support": 997
      },
      "snmp_mib_info": {
        "precision": 0.9903846153846154,
        "recall": 0.9686520376175548,
        "f1": 0.9793977812995245,
        "support": 319
      },
      "troubleshooting": {
        "precision": 1.0,
        "recall": 1.0,
        "f1": 1.0,
        "support": 63
      },
      "support_matrix": {
        "precision": 1.0,
        "recall": 1.0,
        "f1": 1.0,
        "support": 24
      },
      "version_support": {
        "precision": 1.0,
        "recall": 1.0,
        "f1": 1.0,
        "support": 44
      },
      "capacity_or_scale": {
        "precision": 1.0,
        "recall": 1.0,
        "f1": 1.0,
        "support": 12
      },
      "product_generic": {
        "precision": 1.0,
        "recall": 1.0,
        "f1": 1.0,
        "support": 234
      },
      "product_limitation": {
        "precision": 1.0,
        "recall": 1.0,
        "f1": 1.0,
        "support": 66
      },
      "product_requirement": {
        "precision": 1.0,
        "recall": 1.0,
        "f1": 1.0,
        "support": 48
      },
      "product_caveat": {
        "precision": 1.0,
        "recall": 1.0,
        "f1": 1.0,
        "support": 16
      },
      "limitation": {
        "precision": 1.0,
        "recall": 1.0,
        "f1": 1.0,
        "support": 12
      },
      "requirement": {
        "precision": 0.48,
        "recall": 1.0,
        "f1": 0.6486486486486487,
        "support": 12
      }
    },
    "total": 15312
  },
  "train_metrics": {
    "accuracy": 0.996391984000653,
    "macro_precision": 0.9170264647797275,
    "macro_recall": 0.9638998654494877,
    "macro_f1": 0.9341633492515173,
    "per_class": {
      "cli_meaning": {
        "precision": 0.9993566083099116,
        "recall": 0.9985450854339367,
        "f1": 0.9989506820566632,
        "support": 29555
      },
      "cli_syntax": {
        "precision": 1.0,
        "recall": 0.9998654720585466,
        "f1": 0.9999327315045271,
        "support": 37167
      },
      "cli_output": {
        "precision": 0.7647058823529411,
        "recall": 0.8041237113402062,
        "f1": 0.7839195979899498,
        "support": 97
      },
      "show_command_syntax": {
        "precision": 0.9996518590725526,
        "recall": 1.0,
        "f1": 0.9998258992304746,
        "support": 14357
      },
      "show_command_meaning": {
        "precision": 0.998306142462334,
        "recall": 1.0,
        "f1": 0.9991523533348204,
        "support": 11198
      },
      "configuration_procedure": {
        "precision": 0.9949122360722462,
        "recall": 0.9585784313725491,
        "f1": 0.9764074397703159,
        "support": 4080
      },
      "concept_explanation": {
        "precision": 0.9900161899622234,
        "recall": 0.9932322685435842,
        "f1": 0.9916216216216215,
        "support": 11082
      },
      "event_id_meaning": {
        "precision": 0.5035971223021583,
        "recall": 0.7291666666666666,
        "f1": 0.5957446808510638,
        "support": 96
      },
      "event_id_action": {
        "precision": 0.5094339622641509,
        "recall": 0.84375,
        "f1": 0.6352941176470588,
        "support": 96
      },
      "event_log_meaning": {
        "precision": 1.0,
        "recall": 1.0,
        "f1": 1.0,
        "support": 7973
      },
      "snmp_mib_info": {
        "precision": 0.9975757575757576,
        "recall": 0.966718872357087,
        "f1": 0.9819049512825612,
        "support": 2554
      },
      "troubleshooting": {
        "precision": 1.0,
        "recall": 1.0,
        "f1": 1.0,
        "support": 500
      },
      "support_matrix": {
        "precision": 1.0,
        "recall": 1.0,
        "f1": 1.0,
        "support": 197
      },
      "version_support": {
        "precision": 1.0,
        "recall": 1.0,
        "f1": 1.0,
        "support": 355
      },
      "capacity_or_scale": {
        "precision": 1.0,
        "recall": 1.0,
        "f1": 1.0,
        "support": 100
      },
      "product_generic": {
        "precision": 1.0,
        "recall": 1.0,
        "f1": 1.0,
        "support": 1873
      },
      "product_limitation": {
        "precision": 1.0,
        "recall": 1.0,
        "f1": 1.0,
        "support": 526
      },
      "product_requirement": {
        "precision": 1.0,
        "recall": 1.0,
        "f1": 1.0,
        "support": 383
      },
      "product_caveat": {
        "precision": 1.0,
        "recall": 1.0,
        "f1": 1.0,
        "support": 124
      },
      "limitation": {
        "precision": 1.0,
        "recall": 1.0,
        "f1": 1.0,
        "support": 96
      },
      "requirement": {
        "precision": 0.5,
        "recall": 0.9479166666666666,
        "f1": 0.6546762589928058,
        "support": 96
      }
    },
    "total": 122505
  },
  "test_metrics": {
    "accuracy": 0.995559038662487,
    "macro_precision": 0.9105949522630881,
    "macro_recall": 0.963528665633827,
    "macro_f1": 0.929762903927714,
    "per_class": {
      "cli_meaning": {
        "precision": 0.9994578476551911,
        "recall": 0.9981050351922036,
        "f1": 0.9987809833401057,
        "support": 3694
      },
      "cli_syntax": {
        "precision": 1.0,
        "recall": 0.9991390443392165,
        "f1": 0.9995693367786391,
        "support": 4646
      },
      "cli_output": {
        "precision": 0.7142857142857143,
        "recall": 0.8333333333333334,
        "f1": 0.7692307692307692,
        "support": 12
      },
      "show_command_syntax": {
        "precision": 0.9977753058954394,
        "recall": 1.0,
        "f1": 0.9988864142538975,
        "support": 1794
      },
      "show_command_meaning": {
        "precision": 0.9978617248752673,
        "recall": 1.0,
        "f1": 0.9989297181591152,