epoch,train_loss,val_loss,val_accuracy,macro_precision,macro_recall,macro_f1
1,0.04434230956050855,0.013136023323623932,0.9953637194723782,0.822446819365644,0.8055824764917816,0.8098608534863881
2,0.011128220490435894,0.008694658178663476,0.9957555178268251,0.9197162691463985,0.9295598231464481,0.910681999567859
3,0.009406220918603577,0.007661157775335043,0.9959514170040485,0.8797616243113422,0.8719660108223108,0.8639745417600263
4,0.009115172815045612,0.007511214491536075,0.9956902181010839,0.896131214566906,0.8698390587459359,0.8731472339472375
5,0.007928534213555638,0.007442289610150628,0.9958861172783074,0.8802309262418946,0.8929371419275289,0.8839124918088737
6,0.00759707042619681,0.00821685901199099,0.9964085150842367,0.897292659511828,0.9361468640044125,0.9094438378152657
7,0.007891129047549569,0.0063685686697357675,0.9961473161812721,0.9115638403676637,0.8702542975915658,0.8817962505109224
